{
    "name": "fvtt-party",
    "title": "Party Overview",
    "description": "Provides an overview about critical stats of PCs in the current world",
    "version": "0.1",
    "author": "Sebastian Will (shwill)",
    "systems": ["dnd5e"],
    "scripts": ["./scripts/index.js"],
    "styles": ["./css/style.css"],
    "packs": [],
    "url": "https://github.com/shwill/fvtt-party",
    "manifest": "https://github.com/shwill/fvtt-party/raw/master/module.json",
    "download": "https://github.com/shwill/fvtt-party/raw/master/fvtt-party.zip"
}